<?xml version="1.0"?>
<Interface Version="1" Minor="1">
	<Ifc Id="ROOT" Top="1">
		<Bus Id="iDATA">
			<Port Id="7" Dir="IN"/>
			<Port Id="6" Dir="IN"/>
			<Port Id="5" Dir="IN"/>
			<Port Id="4" Dir="IN"/>
			<Port Id="3" Dir="IN"/>
			<Port Id="2" Dir="IN"/>
			<Port Id="1" Dir="IN"/>
			<Port Id="0" Dir="IN"/>
		</Bus>
		<Bus Id="oDATA">
			<Port Id="3" Dir="OUT"/>
			<Port Id="2" Dir="OUT"/>
			<Port Id="1" Dir="OUT"/>
			<Port Id="0" Dir="OUT"/>
		</Bus>
		<Port Id="iCLK" Dir="IN"/>
		<Port Id="inRST" Dir="IN"/>
		<Port Id="iRS" Dir="IN"/>
		<Port Id="iR_W" Dir="IN"/>
		<Port Id="iLCD_EN" Dir="IN"/>
		<Port Id="oREADY" Dir="OUT"/>
		<Port Id="oRS" Dir="OUT"/>
		<Port Id="oR_W" Dir="OUT"/>
		<Port Id="oEN" Dir="OUT"/>
		<Port Id="oLIGHT" Dir="OUT"/>
	</Ifc>
</Interface>

