#Release 14.6 - par P.68d (nt64)
#Copyright (c) 1995-2013 Xilinx, Inc.  All rights reserved.

#Thu Jul 27 09:02:24 2017

#
## NOTE: This file is designed to be imported into a spreadsheet program
# such as Microsoft Excel for viewing, printing and sorting. The |
# character is used as the data field separator. This file is also designed
# to support parsing.
#
#INPUT FILE:       lcd_driver_map.ncd
#OUTPUT FILE:      lcd_driver_pad.csv
#PART TYPE:        xc6slx45
#SPEED GRADE:      -2
#PACKAGE:          fgg676
#
# Pinout by Pin Number:
# 
# -----,-----,-----,-----,-----,-----,-----,-----,-----,-----,-----,-----,-----,-----,-----,
Pin Number,Signal Name,Pin Usage,Pin Name,Direction,IO Standard,IO Bank Number,Drive (mA),Slew Rate,Termination,IOB Delay,Voltage,Constraint,IO Register,Signal Integrity,
A1,,,GND,,,,,,,,,,,,
A2,,IOBS,IO_L1N_VREF_0,UNUSED,,0,,,,,,,,,
A3,,IOBM,IO_L1P_HSWAPEN_0,UNUSED,,0,,,,,,,,,
A4,,IOBS,IO_L2N_0,UNUSED,,0,,,,,,,,,
A5,,IOBS,IO_L4N_0,UNUSED,,0,,,,,,,,,
A6,,IOBS,IO_L6N_0,UNUSED,,0,,,,,,,,,
A7,,IOBS,IO_L12N_0,UNUSED,,0,,,,,,,,,
A8,,IOBS,IO_L16N_0,UNUSED,,0,,,,,,,,,
A9,,IOBS,IO_L17N_0,UNUSED,,0,,,,,,,,,
A10,,,NC,,,,,,,,,,,,
A11,,IOBS,IO_L24N_0,UNUSED,,0,,,,,,,,,
A12,,IOBS,IO_L26N_0,UNUSED,,0,,,,,,,,,
A13,,IOBS,IO_L34N_GCLK18_0,UNUSED,,0,,,,,,,,,
A14,,IOBS,IO_L35N_GCLK16_0,UNUSED,,0,,,,,,,,,
A15,,IOBS,IO_L37N_GCLK12_0,UNUSED,,0,,,,,,,,,
A16,,IOBS,IO_L38N_VREF_0,UNUSED,,0,,,,,,,,,
A17,,IOBS,IO_L50N_0,UNUSED,,0,,,,,,,,,
A18,,IOBS,IO_L62N_VREF_0,UNUSED,,0,,,,,,,,,
A19,,IOBS,IO_L63N_SCP6_0,UNUSED,,0,,,,,,,,,
A20,,IOBS,IO_L64N_SCP4_0,UNUSED,,0,,,,,,,,,
A21,,IOBS,IO_L65N_SCP2_0,UNUSED,,0,,,,,,,,,
A22,,IOBS,IO_L66N_SCP0_0,UNUSED,,0,,,,,,,,,
A23,,IOBS,IO_L1N_A24_VREF_1,UNUSED,,1,,,,,,,,,
A24,,,TDO,,,,,,,,,,,,
A25,,IOBS,IO_L10N_1,UNUSED,,1,,,,,,,,,
A26,,,GND,,,,,,,,,,,,
AA1,,IOBS,IO_L36N_M3DQ9_3,UNUSED,,3,,,,,,,,,
AA2,,IOBM,IO_L36P_M3DQ8_3,UNUSED,,3,,,,,,,,,
AA3,,IOBS,IO_L20N_3,UNUSED,,3,,,,,,,,,
AA4,,IOBM,IO_L20P_3,UNUSED,,3,,,,,,,,,
AA5,,IOBM,IO_L16P_3,UNUSED,,3,,,,,,,,,
AA6,,,VCCAUX,,,,,,,,2.5,,,,
AA7,,IOBM,IO_L7P_3,UNUSED,,3,,,,,,,,,
AA8,,,NC,,,,,,,,,,,,
AA9,,,NC,,,,,,,,,,,,
AA10,,,VCCAUX,,,,,,,,2.5,,,,
AA11,,IOBM,IO_L43P_2,UNUSED,,2,,,,,,,,,
AA12,,IOBM,IO_L41P_2,UNUSED,,2,,,,,,,,,
AA13,,IOBM,IO_L34P_2,UNUSED,,2,,,,,,,,,
AA14,,IOBS,IO_L28N_2,UNUSED,,2,,,,,,,,,
AA15,,IOBS,IO_L20N_2,UNUSED,,2,,,,,,,,,
AA16,,,VCCAUX,,,,,,,,2.5,,,,
AA17,,IOBS,IO_L10N_2,UNUSED,,2,,,,,,,,,
AA18,,IOBM,IO_L11P_2,UNUSED,,2,,,,,,,,,
AA19,,IOBS,IO_L6N_2,UNUSED,,2,,,,,,,,,
AA20,,,NC,,,,,,,,,,,,
AA21,,,VCCAUX,,,,,,,,2.5,,,,
AA22,,IOBS,IO_L73N_1,UNUSED,,1,,,,,,,,,
AA23,iLCD_EN,IOB,IO_L63P_1,INPUT,LVCMOS25*,1,,,,NONE,,LOCATED,NO,NONE,
AA24,iRS,IOB,IO_L63N_1,INPUT,LVCMOS25*,1,,,,NONE,,LOCATED,NO,NONE,
AA25,,IOBM,IO_L51P_M1DQ12_1,UNUSED,,1,,,,,,,,,
AA26,,IOBS,IO_L51N_M1DQ13_1,UNUSED,,1,,,,,,,,,
AB1,,IOBS,IO_L32N_M3DQ15_3,UNUSED,,3,,,,,,,,,
AB2,,,GND,,,,,,,,,,,,
AB3,,IOBM,IO_L32P_M3DQ14_3,UNUSED,,3,,,,,,,,,
AB4,,IOBM,IO_L18P_3,UNUSED,,3,,,,,,,,,
AB5,,IOBS,IO_L16N_3,UNUSED,,3,,,,,,,,,
AB6,,IOBS,IO_L8N_3,UNUSED,,3,,,,,,,,,
AB7,,IOBM,IO_L8P_3,UNUSED,,3,,,,,,,,,
AB8,,,NC,,,,,,,,,,,,
AB9,,,NC,,,,,,,,,,,,
AB10,,IOBS,IO_L51N_2,UNUSED,,2,,,,,,,,,
AB11,,IOBS,IO_L43N_2,UNUSED,,2,,,,,,,,,
AB12,,,GND,,,,,,,,,,,,
AB13,,IOBS,IO_L34N_2,UNUSED,,2,,,,,,,,,
AB14,,,VCCO_2,,,2,,,,,any******,,,,
AB15,,IOBM,IO_L19P_2,UNUSED,,2,,,,,,,,,
AB16,,,GND,,,,,,,,,,,,
AB17,,IOBM,IO_L15P_2,UNUSED,,2,,,,,,,,,
AB18,,IOBS,IO_L11N_2,UNUSED,,2,,,,,,,,,
AB19,,,NC,,,,,,,,,,,,
AB20,,,GND,,,,,,,,,,,,
AB21,,,NC,,,,,,,,,,,,
AB22,,,NC,,,,,,,,,,,,
AB23,,,VCCO_1,,,1,,,,,2.50,,,,
AB24,,IOBM,IO_L49P_M1DQ10_1,UNUSED,,1,,,,,,,,,
AB25,,,GND,,,,,,,,,,,,
AB26,,IOBS,IO_L49N_M1DQ11_1,UNUSED,,1,,,,,,,,,
AC1,,IOBS,IO_L34N_M3UDQSN_3,UNUSED,,3,,,,,,,,,
AC2,,IOBM,IO_L34P_M3UDQS_3,UNUSED,,3,,,,,,,,,
AC3,,IOBS,IO_L18N_3,UNUSED,,3,,,,,,,,,
AC4,,IOBM,IO_L3P_3,UNUSED,,3,,,,,,,,,
AC5,,IOBM,IO_L10P_3,UNUSED,,3,,,,,,,,,
AC6,,,VCCO_3,,,3,,,,,any******,,,,
AC7,,IOBM,IO_L1P_3,UNUSED,,3,,,,,,,,,
AC8,,,GND,,,,,,,,,,,,
AC9,,IOBM,IO_L58P_2,UNUSED,,2,,,,,,,,,
AC10,,,VCCO_2,,,2,,,,,any******,,,,
AC11,,IOBM,IO_L45P_2,UNUSED,,2,,,,,,,,,
AC12,,IOBS,IO_L41N_VREF_2,UNUSED,,2,,,,,,,,,
AC13,,IOBM,IO_L31P_GCLK31_D14_2,UNUSED,,2,,,,,,,,,
AC14,,IOBS,IO_L19N_2,UNUSED,,2,,,,,,,,,
AC15,,IOBM,IO_L16P_2,UNUSED,,2,,,,,,,,,
AC16,,IOBM,IO_L17P_2,UNUSED,,2,,,,,,,,,
AC17,,IOBS,IO_L15N_2,UNUSED,,2,,,,,,,,,
AC18,,,VCCO_2,,,2,,,,,any******,,,,
AC19,,IOBM,IO_L7P_2,UNUSED,,2,,,,,,,,,
AC20,,IOBM,IO_L5P_2,UNUSED,,2,,,,,,,,,
AC21,,,VCCO_2,,,2,,,,,any******,,,,
AC22,,,CMPCS_B_2,,,,,,,,,,,,
AC23,iR_W,IOB,IO_L65P_1,INPUT,LVCMOS25*,1,,,,NONE,,LOCATED,NO,NONE,
AC24,inRST,IOB,IO_L65N_1,INPUT,LVCMOS25*,1,,,,NONE,,LOCATED,NO,NONE,
AC25,,IOBM,IO_L50P_M1UDQS_1,UNUSED,,1,,,,,,,,,
AC26,,IOBS,IO_L50N_M1UDQSN_1,UNUSED,,1,,,,,,,,,
AD1,,IOBS,IO_L33N_M3DQ13_3,UNUSED,,3,,,,,,,,,
AD2,,,VCCO_3,,,3,,,,,any******,,,,
AD3,,IOBM,IO_L33P_M3DQ12_3,UNUSED,,3,,,,,,,,,
AD4,,IOBS,IO_L3N_3,UNUSED,,3,,,,,,,,,
AD5,,IOBS,IO_L10N_3,UNUSED,,3,,,,,,,,,
AD6,,IOBM,IO_L63P_2,UNUSED,,2,,,,,,,,,
AD7,,IOBS,IO_L1N_VREF_3,UNUSED,,3,,,,,,,,,
AD8,,IOBM,IO_L53P_2,UNUSED,,2,,,,,,,,,
AD9,,IOBS,IO_L58N_2,UNUSED,,2,,,,,,,,,
AD10,,IOBM,IO_L49P_D3_2,UNUSED,,2,,,,,,,,,
AD11,,IOBS,IO_L45N_2,UNUSED,,2,,,,,,,,,
AD12,,IOBM,IO_L32P_GCLK29_2,UNUSED,,2,,,,,,,,,
AD13,,IOBS,IO_L31N_GCLK30_D15_2,UNUSED,,2,,,,,,,,,
AD14,,IOBM,IO_L29P_GCLK3_2,UNUSED,,2,,,,,,,,,
AD15,,IOBS,IO_L16N_VREF_2,UNUSED,,2,,,,,,,,,
AD16,,IOBM,IO_L13P_M1_2,UNUSED,,2,,,,,,,,,
AD17,,IOBS,IO_L17N_2,UNUSED,,2,,,,,,,,,
AD18,,IOBM,IO_L9P_2,UNUSED,,2,,,,,,,,,
AD19,,IOBS,IO_L7N_2,UNUSED,,2,,,,,,,,,
AD20,,IOBM,IO_L3P_D0_DIN_MISO_MISO1_2,UNUSED,,2,,,,,,,,,
AD21,,IOBS,IO_L5N_2,UNUSED,,2,,,,,,,,,
AD22,,IOBM,IO_L1P_CCLK_2,UNUSED,,2,,,,,,,,,
AD23,,,SUSPEND,,,,,,,,,,,,
AD24,oLIGHT,IOB,IO_L48P_HDC_M1DQ8_1,OUTPUT,LVCMOS25*,1,12,SLOW,,,,LOCATED,NO,NONE,
AD25,,,VCCO_1,,,1,,,,,2.50,,,,
AD26,,IOBS,IO_L48N_M1DQ9_1,UNUSED,,1,,,,,,,,,
AE1,,IOBS,IO_L35N_M3DQ11_3,UNUSED,,3,,,,,,,,,
AE2,,IOBM,IO_L35P_M3DQ10_3,UNUSED,,3,,,,,,,,,
AE3,,IOBM,IO_L2P_3,UNUSED,,3,,,,,,,,,
AE4,,IOBM,IO_L65P_INIT_B_2,UNUSED,,2,,,,,,,,,
AE5,,IOBM,IO_L64P_D8_2,UNUSED,,2,,,,,,,,,
AE6,,,GND,,,,,,,,,,,,
AE7,,IOBM,IO_L62P_D5_2,UNUSED,,2,,,,,,,,,
AE8,,,VCCO_2,,,2,,,,,any******,,,,
AE9,,IOBM,IO_L48P_D7_2,UNUSED,,2,,,,,,,,,
AE10,,,GND,,,,,,,,,,,,
AE11,,IOBM,IO_L47P_2,UNUSED,,2,,,,,,,,,
AE12,,,VCCO_2,,,2,,,,,any******,,,,
AE13,,IOBM,IO_L30P_GCLK1_D13_2,UNUSED,,2,,,,,,,,,
AE14,,,GND,,,,,,,,,,,,
AE15,,IOBM,IO_L14P_D11_2,UNUSED,,2,,,,,,,,,
AE16,,,VCCO_2,,,2,,,,,any******,,,,
AE17,,IOBM,IO_L12P_D1_MISO2_2,UNUSED,,2,,,,,,,,,
AE18,,,GND,,,,,,,,,,,,
AE19,,IOBM,IO_L4P_2,UNUSED,,2,,,,,,,,,
AE20,,,VCCO_2,,,2,,,,,any******,,,,
AE21,,IOBM,IO_L2P_CMPCLK_2,UNUSED,,2,,,,,,,,,
AE22,,,GND,,,,,,,,,,,,
AE23,,IOBM,IO_L74P_AWAKE_1,UNUSED,,1,,,,,,,,,
AE24,,IOBM,IO_L67P_1,UNUSED,,1,,,,,,,,,
AE25,,IOBM,IO_L52P_M1DQ14_1,UNUSED,,1,,,,,,,,,
AE26,,IOBS,IO_L52N_M1DQ15_1,UNUSED,,1,,,,,,,,,
AF1,,,GND,,,,,,,,,,,,
AF2,,IOBS,IO_L2N_3,UNUSED,,3,,,,,,,,,
AF3,,,PROGRAM_B_2,,,,,,,,,,,,
AF4,,IOBS,IO_L65N_CSO_B_2,UNUSED,,2,,,,,,,,,
AF5,,IOBS,IO_L64N_D9_2,UNUSED,,2,,,,,,,,,
AF6,,IOBS,IO_L63N_2,UNUSED,,2,,,,,,,,,
AF7,,IOBS,IO_L62N_D6_2,UNUSED,,2,,,,,,,,,
AF8,,IOBS,IO_L53N_2,UNUSED,,2,,,,,,,,,
AF9,,IOBS,IO_L48N_RDWR_B_VREF_2,UNUSED,,2,,,,,,,,,
AF10,,IOBS,IO_L49N_D4_2,UNUSED,,2,,,,,,,,,
AF11,,IOBS,IO_L47N_2,UNUSED,,2,,,,,,,,,
AF12,,IOBS,IO_L32N_GCLK28_2,UNUSED,,2,,,,,,,,,
AF13,,IOBS,IO_L30N_GCLK0_USERCCLK_2,UNUSED,,2,,,,,,,,,
AF14,,IOBS,IO_L29N_GCLK2_2,UNUSED,,2,,,,,,,,,
AF15,,IOBS,IO_L14N_D12_2,UNUSED,,2,,,,,,,,,
AF16,,IOBS,IO_L13N_D10_2,UNUSED,,2,,,,,,,,,
AF17,,IOBS,IO_L12N_D2_MISO3_2,UNUSED,,2,,,,,,,,,
AF18,,IOBS,IO_L9N_2,UNUSED,,2,,,,,,,,,
AF19,,IOBS,IO_L4N_VREF_2,UNUSED,,2,,,,,,,,,
AF20,,IOBS,IO_L3N_MOSI_CSI_B_MISO0_2,UNUSED,,2,,,,,,,,,
AF21,,IOBS,IO_L2N_CMPMOSI_2,UNUSED,,2,,,,,,,,,
AF22,,IOBS,IO_L1N_M0_CMPMISO_2,UNUSED,,2,,,,,,,,,
AF23,,,DONE_2,,,,,,,,,,,,
AF24,,IOBS,IO_L74N_DOUT_BUSY_1,UNUSED,,1,,,,,,,,,
AF25,,IOBS,IO_L67N_1,UNUSED,,1,,,,,,,,,
AF26,,,GND,,,,,,,,,,,,
B1,,IOBS,IO_L81N_3,UNUSED,,3,,,,,,,,,
B2,,IOBM,IO_L81P_3,UNUSED,,3,,,,,,,,,
B3,,,VCCO_0,,,0,,,,,2.50,,,,
B4,,IOBM,IO_L2P_0,UNUSED,,0,,,,,,,,,
B5,,,GND,,,,,,,,,,,,
B6,,IOBM,IO_L6P_0,UNUSED,,0,,,,,,,,,
B7,,,VCCO_0,,,0,,,,,2.50,,,,
B8,,IOBM,IO_L16P_0,UNUSED,,0,,,,,,,,,
B9,,,GND,,,,,,,,,,,,
B10,,,NC,,,,,,,,,,,,
B11,,,VCCO_0,,,0,,,,,2.50,,,,
B12,,IOBM,IO_L26P_0,UNUSED,,0,,,,,,,,,
B13,,,GND,,,,,,,,,,,,
B14,,IOBM,IO_L35P_GCLK17_0,UNUSED,,0,,,,,,,,,
B15,,,VCCO_0,,,0,,,,,2.50,,,,
B16,,IOBM,IO_L38P_0,UNUSED,,0,,,,,,,,,
B17,,,GND,,,,,,,,,,,,
B18,,IOBM,IO_L62P_0,UNUSED,,0,,,,,,,,,
B19,,,VCCO_0,,,0,,,,,2.50,,,,
B20,,IOBM,IO_L64P_SCP5_0,UNUSED,,0,,,,,,,,,
B21,,,GND,,,,,,,,,,,,
B22,,IOBM,IO_L66P_SCP1_0,UNUSED,,0,,,,,,,,,
B23,,IOBM,IO_L1P_A25_1,UNUSED,,1,,,,,,,,,
B24,,IOBM,IO_L10P_1,UNUSED,,1,,,,,,,,,
B25,,IOBM,IO_L12P_1,UNUSED,,1,,,,,,,,,
B26,,IOBS,IO_L12N_1,UNUSED,,1,,,,,,,,,
C1,,IOBS,IO_L79N_3,UNUSED,,3,,,,,,,,,
C2,,IOBM,IO_L79P_3,UNUSED,,3,,,,,,,,,
C3,,IOBS,IO_L83N_VREF_3,UNUSED,,3,,,,,,,,,
C4,,IOBM,IO_L83P_3,UNUSED,,3,,,,,,,,,
C5,,IOBM,IO_L4P_0,UNUSED,,0,,,,,,,,,
C6,,IOBS,IO_L8N_VREF_0,UNUSED,,0,,,,,,,,,
C7,,IOBM,IO_L12P_0,UNUSED,,0,,,,,,,,,
C8,,,NC,,,,,,,,,,,,
C9,,IOBM,IO_L17P_0,UNUSED,,0,,,,,,,,,
C10,,,NC,,,,,,,,,,,,
C11,,IOBM,IO_L24P_0,UNUSED,,0,,,,,,,,,
C12,,,NC,,,,,,,,,,,,
C13,,IOBM,IO_L34P_GCLK19_0,UNUSED,,0,,,,,,,,,
C14,,IOBS,IO_L36N_GCLK14_0,UNUSED,,0,,,,,,,,,
C15,,IOBM,IO_L37P_GCLK13_0,UNUSED,,0,,,,,,,,,
C16,,,NC,,,,,,,,,,,,
C17,,IOBM,IO_L50P_0,UNUSED,,0,,,,,,,,,
C18,,IOBS,IO_L52N_0,UNUSED,,0,,,,,,,,,
C19,,IOBM,IO_L63P_SCP7_0,UNUSED,,0,,,,,,,,,
C20,,IOBS,IO_L56N_0,UNUSED,,0,,,,,,,,,
C21,oR_W,IOB,IO_L65P_SCP3_0,OUTPUT,LVCMOS25*,0,12,SLOW,,,,LOCATED,NO,NONE,
C22,,,VCCO_0,,,0,,,,,2.50,,,,
C23,,,TMS,,,,,,,,,,,,
C24,,,NC,,,,,,,,,,,,
C25,,IOBM,IO_L11P_1,UNUSED,,1,,,,,,,,,
C26,,IOBS,IO_L11N_1,UNUSED,,1,,,,,,,,,
D1,,IOBS,IO_L68N_3,UNUSED,,3,,,,,,,,,
D2,,,VCCO_3,,,3,,,,,any******,,,,
D3,,IOBM,IO_L68P_3,UNUSED,,3,,,,,,,,,
D4,,,GND,,,,,,,,,,,,
D5,,,NC,,,,,,,,,,,,
D6,,IOBM,IO_L8P_0,UNUSED,,0,,,,,,,,,
D7,,,NC,,,,,,,,,,,,
D8,,,NC,,,,,,,,,,,,
D9,,,VCCO_0,,,0,,,,,2.50,,,,
D10,,,NC,,,,,,,,,,,,
D11,,,NC,,,,,,,,,,,,
D12,,,NC,,,,,,,,,,,,
D13,,,NC,,,,,,,,,,,,
D14,,IOBM,IO_L36P_GCLK15_0,UNUSED,,0,,,,,,,,,
D15,,,NC,,,,,,,,,,,,
D16,,,NC,,,,,,,,,,,,
D17,,,VCCO_0,,,0,,,,,2.50,,,,
D18,oDATA<2>,IOB,IO_L52P_0,OUTPUT,LVCMOS25*,0,12,SLOW,,,,LOCATED,NO,NONE,
D19,,,NC,,,,,,,,,,,,
D20,,,NC,,,,,,,,,,,,
D21,oEN,IOB,IO_L56P_0,OUTPUT,LVCMOS25*,0,12,SLOW,,,,LOCATED,NO,NONE,
D22,,,NC,,,,,,,,,,,,
D23,,,NC,,,,,,,,,,,,
D24,,IOBM,IO_L17P_1,UNUSED,,1,,,,,,,,,
D25,,,VCCO_1,,,1,,,,,2.50,,,,
D26,,IOBS,IO_L17N_1,UNUSED,,1,,,,,,,,,
E1,,IOBS,IO_L67N_3,UNUSED,,3,,,,,,,,,
E2,,IOBM,IO_L67P_3,UNUSED,,3,,,,,,,,,
E3,,IOBS,IO_L77N_3,UNUSED,,3,,,,,,,,,
E4,,IOBM,IO_L77P_3,UNUSED,,3,,,,,,,,,
E5,,,NC,,,,,,,,,,,,
E6,,,NC,,,,,,,,,,,,
E7,,,GND,,,,,,,,,,,,
E8,,,NC,,,,,,,,,,,,
E9,,,NC,,,,,,,,,,,,
E10,,,NC,,,,,,,,,,,,
E11,,,GND,,,,,,,,,,,,
E12,,,NC,,,,,,,,,,,,
E13,,,VCCO_0,,,0,,,,,2.50,,,,
E14,,,NC,,,,,,,,,,,,
E15,,,GND,,,,,,,,,,,,
E16,,,NC,,,,,,,,,,,,
E17,,,NC,,,,,,,,,,,,
E18,,,NC,,,,,,,,,,,,
E19,,,NC,,,,,,,,,,,,
E20,,,NC,,,,,,,,,,,,
E21,,,TCK,,,,,,,,,,,,
E22,,,GND,,,,,,,,,,,,
E23,,,NC,,,,,,,,,,,,
E24,,,NC,,,,,,,,,,,,
E25,,IOBM,IO_L16P_1,UNUSED,,1,,,,,,,,,
E26,,IOBS,IO_L16N_1,UNUSED,,1,,,,,,,,,
F1,,IOBS,IO_L66N_3,UNUSED,,3,,,,,,,,,
F2,,,GND,,,,,,,,,,,,
F3,,IOBM,IO_L66P_3,UNUSED,,3,,,,,,,,,
F4,,,VCCO_3,,,3,,,,,any******,,,,
F5,,,NC,,,,,,,,,,,,
F6,,,VCCAUX,,,,,,,,2.5,,,,
F7,,,NC,,,,,,,,,,,,
F8,,,NC,,,,,,,,,,,,
F9,,,NC,,,,,,,,,,,,
F10,,,NC,,,,,,,,,,,,
F11,,,NC,,,,,,,,,,,,
F12,,,NC,,,,,,,,,,,,
F13,,,NC,,,,,,,,,,,,
F14,,,NC,,,,,,,,,,,,
F15,,,NC,,,,,,,,,,,,
F16,,,NC,,,,,,,,,,,,
F17,,,NC,,,,,,,,,,,,
F18,,,NC,,,,,,,,,,,,
F19,,,GND,,,,,,,,,,,,
F20,,,TDI,,,,,,,,,,,,
F21,,,VCCAUX,,,,,,,,2.5,,,,
F22,,,NC,,,,,,,,,,,,
F23,,,VCCO_1,,,1,,,,,2.50,,,,
F24,oRS,IOB,IO_L18P_1,OUTPUT,LVCMOS25*,1,12,SLOW,,,,LOCATED,NO,NONE,
F25,,,GND,,,,,,,,,,,,
F26,,IOBS,IO_L18N_1,UNUSED,,1,,,,,,,,,
G1,,IOBS,IO_L65N_3,UNUSED,,3,,,,,,,,,
G2,,IOBM,IO_L65P_3,UNUSED,,3,,,,,,,,,
G3,,,NC,,,,,,,,,,,,
G4,,,NC,,,,,,,,,,,,
G5,,,NC,,,,,,,,,,,,
G6,,,NC,,,,,,,,,,,,
G7,,,NC,,,,,,,,,,,,
G8,,,NC,,,,,,,,,,,,
G9,,,NC,,,,,,,,,,,,
G10,,,VCCO_0,,,0,,,,,2.50,,,,
G11,,,NC,,,,,,,,,,,,
G12,,,VCCAUX,,,,,,,,2.5,,,,
G13,,,NC,,,,,,,,,,,,
G14,,,NC,,,,,,,,,,,,
G15,,,VCCAUX,,,,,,,,2.5,,,,
G16,,,NC,,,,,,,,,,,,
G17,,,NC,,,,,,,,,,,,
G18,,,VCCO_0,,,0,,,,,2.50,,,,
G19,,,NC,,,,,,,,,,,,
G20,,,NC,,,,,,,,,,,,
G21,,,NC,,,,,,,,,,,,
G22,,,NC,,,,,,,,,,,,
G23,,,NC,,,,,,,,,,,,
G24,,,NC,,,,,,,,,,,,
G25,,IOBM,IO_L20P_1,UNUSED,,1,,,,,,,,,
G26,,IOBS,IO_L20N_1,UNUSED,,1,,,,,,,,,
H1,,IOBS,IO_L64N_3,UNUSED,,3,,,,,,,,,
H2,,,VCCO_3,,,3,,,,,any******,,,,
H3,,IOBM,IO_L64P_3,UNUSED,,3,,,,,,,,,
H4,,,GND,,,,,,,,,,,,
H5,,,NC,,,,,,,,,,,,
H6,,,NC,,,,,,,,,,,,
H7,,,NC,,,,,,,,,,,,
H8,,,NC,,,,,,,,,,,,
H9,,,NC,,,,,,,,,,,,
H10,,,NC,,,,,,,,,,,,
H11,,,GND,,,,,,,,,,,,
H12,,,NC,,,,,,,,,,,,
H13,,,NC,,,,,,,,,,,,
H14,,,VCCO_0,,,0,,,,,2.50,,,,
H15,,,NC,,,,,,,,,,,,
H16,,,NC,,,,,,,,,,,,
H17,,,NC,,,,,,,,,,,,
H18,,,NC,,,,,,,,,,,,
H19,,,NC,,,,,,,,,,,,
H20,,,NC,,,,,,,,,,,,
H21,,,NC,,,,,,,,,,,,
H22,,,NC,,,,,,,,,,,,
H23,,,GND,,,,,,,,,,,,
H24,,IOBM,IO_L19P_1,UNUSED,,1,,,,,,,,,
H25,,,VCCO_1,,,1,,,,,2.50,,,,
H26,,IOBS,IO_L19N_1,UNUSED,,1,,,,,,,,,
J1,,IOBS,IO_L63N_3,UNUSED,,3,,,,,,,,,
J2,,IOBM,IO_L63P_3,UNUSED,,3,,,,,,,,,
J3,,,NC,,,,,,,,,,,,
J4,,,NC,,,,,,,,,,,,
J5,,,NC,,,,,,,,,,,,
J6,,,VCCO_3,,,3,,,,,any******,,,,
J7,,,NC,,,,,,,,,,,,
J8,,,GND,,,,,,,,,,,,
J9,,,VCCAUX,,,,,,,,2.5,,,,
J10,,,NC,,,,,,,,,,,,
J11,,,NC,,,,,,,,,,,,
J12,,,NC,,,,,,,,,,,,
J13,,,NC,,,,,,,,,,,,
J14,,,NC,,,,,,,,,,,,
J15,,,NC,,,,,,,,,,,,
J16,,,NC,,,,,,,,,,,,
J17,,,NC,,,,,,,,,,,,
J18,,,VCCAUX,,,,,,,,2.5,,,,
J19,,,GND,,,,,,,,,,,,
J20,,,NC,,,,,,,,,,,,
J21,,,VCCO_1,,,1,,,,,2.50,,,,
J22,,,NC,,,,,,,,,,,,
J23,,,NC,,,,,,,,,,,,
J24,,,NC,,,,,,,,,,,,
J25,,IOBM,IO_L22P_1,UNUSED,,1,,,,,,,,,
J26,,IOBS,IO_L22N_1,UNUSED,,1,,,,,,,,,
K1,,IOBS,IO_L62N_3,UNUSED,,3,,,,,,,,,
K2,,,GND,,,,,,,,,,,,
K3,,IOBM,IO_L62P_3,UNUSED,,3,,,,,,,,,
K4,,,VCCO_3,,,3,,,,,any******,,,,
K5,,,NC,,,,,,,,,,,,
K6,,,NC,,,,,,,,,,,,
K7,,,NC,,,,,,,,,,,,
K8,,,NC,,,,,,,,,,,,
K9,,,NC,,,,,,,,,,,,
K10,,,NC,,,,,,,,,,,,
K11,,,VCCINT,,,,,,,,1.2,,,,
K12,,,NC,,,,,,,,,,,,
K13,,,VCCAUX,,,,,,,,2.5,,,,
K14,,,NC,,,,,,,,,,,,
K15,,,NC,,,,,,,,,,,,
K16,,,GND,,,,,,,,,,,,
K17,,,VCCINT,,,,,,,,1.2,,,,
K18,,IOBS,IO_L32N_A16_M1A9_1,UNUSED,,1,,,,,,,,,
K19,iDATA<2>,IOB,IO_L28N_VREF_1,INPUT,LVCMOS25*,1,,,,NONE,,LOCATED,NO,NONE,
K20,,,NC,,,,,,,,,,,,
K21,,,NC,,,,,,,,,,,,
K22,,,NC,,,,,,,,,,,,
K23,,,VCCO_1,,,1,,,,,2.50,,,,
K24,,IOBM,IO_L21P_1,UNUSED,,1,,,,,,,,,
K25,,,GND,,,,,,,,,,,,
K26,,IOBS,IO_L21N_1,UNUSED,,1,,,,,,,,,
L1,,IOBS,IO_L61N_3,UNUSED,,3,,,,,,,,,
L2,,IOBM,IO_L61P_3,UNUSED,,3,,,,,,,,,
L3,,IOBS,IO_L54N_M3A11_3,UNUSED,,3,,,,,,,,,
L4,,IOBM,IO_L54P_M3RESET_3,UNUSED,,3,,,,,,,,,
L5,,,VCCAUX,,,,,,,,2.5,,,,
L6,,IOBS,IO_L57N_VREF_3,UNUSED,,3,,,,,,,,,
L7,,IOBM,IO_L57P_3,UNUSED,,3,,,,,,,,,
L8,,,NC,,,,,,,,,,,,
L9,,,NC,,,,,,,,,,,,
L10,,,VCCINT,,,,,,,,1.2,,,,
L11,,,GND,,,,,,,,,,,,
L12,,,VCCINT,,,,,,,,1.2,,,,
L13,,,GND,,,,,,,,,,,,
L14,,,VCCINT,,,,,,,,1.2,,,,
L15,,,GND,,,,,,,,,,,,
L16,,,VCCINT,,,,,,,,1.2,,,,
L17,,IOBM,IO_L32P_A17_M1A8_1,UNUSED,,1,,,,,,,,,
L18,,IOBS,IO_L34N_A12_M1BA2_1,UNUSED,,1,,,,,,,,,
L19,,IOBM,IO_L28P_1,UNUSED,,1,,,,,,,,,
L20,,,NC,,,,,,,,,,,,
L21,,,NC,,,,,,,,,,,,
L22,,,VCCAUX,,,,,,,,2.5,,,,
L23,,IOBM,IO_L29P_A23_M1A13_1,UNUSED,,1,,,,,,,,,
L24,,IOBS,IO_L29N_A22_M1A14_1,UNUSED,,1,,,,,,,,,
L25,,IOBM,IO_L24P_1,UNUSED,,1,,,,,,,,,
L26,,IOBS,IO_L24N_1,UNUSED,,1,,,,,,,,,
M1,,IOBS,IO_L60N_3,UNUSED,,3,,,,,,,,,
M2,,,VCCO_3,,,3,,,,,any******,,,,
M3,,IOBM,IO_L60P_3,UNUSED,,3,,,,,,,,,
M4,,IOBS,IO_L55N_M3A14_3,UNUSED,,3,,,,,,,,,
M5,,,GND,,,,,,,,,,,,
M6,,IOBM,IO_L55P_M3A13_3,UNUSED,,3,,,,,,,,,
M7,,,VCCO_3,,,3,,,,,any******,,,,
M8,,IOBS,IO_L53N_M3A12_3,UNUSED,,3,,,,,,,,,
M9,,IOBM,IO_L53P_M3CKE_3,UNUSED,,3,,,,,,,,,
M10,,IOBM,IO_L51P_M3A10_3,UNUSED,,3,,,,,,,,,
M11,,,VCCINT,,,,,,,,1.2,,,,
M12,,,GND,,,,,,,,,,,,
M13,,,VCCINT,,,,,,,,1.2,,,,
M14,,,GND,,,,,,,,,,,,
M15,,,VCCINT,,,,,,,,1.2,,,,
M16,,,GND,,,,,,,,,,,,
M17,,,VCCAUX,,,,,,,,2.5,,,,
M18,,IOBM,IO_L36P_A9_M1BA0_1,UNUSED,,1,,,,,,,,,
M19,,IOBM,IO_L34P_A13_M1WE_1,UNUSED,,1,,,,,,,,,
M20,,,VCCO_1,,,1,,,,,2.50,,,,
M21,iCLK,IOB,IO_L40N_GCLK10_M1A6_1,INPUT,LVCMOS25*,1,,,,NONE,,LOCATED,NO,NONE,
M22,,,GND,,,,,,,,,,,,
M23,,IOBM,IO_L31P_A19_M1CKE_1,UNUSED,,1,,,,,,,,,
M24,,IOBM,IO_L23P_1,UNUSED,,1,,,,,,,,,
M25,,,VCCO_1,,,1,,,,,2.50,,,,
M26,,IOBS,IO_L23N_1,UNUSED,,1,,,,,,,,,
N1,,IOBS,IO_L59N_3,UNUSED,,3,,,,,,,,,
N2,,IOBM,IO_L59P_3,UNUSED,,3,,,,,,,,,
N3,,IOBS,IO_L52N_M3A9_3,UNUSED,,3,,,,,,,,,
N4,,IOBM,IO_L52P_M3A8_3,UNUSED,,3,,,,,,,,,
N5,,IOBS,IO_L50N_M3BA2_3,UNUSED,,3,,,,,,,,,
N6,,IOBS,IO_L47N_M3A1_3,UNUSED,,3,,,,,,,,,
N7,,IOBM,IO_L47P_M3A0_3,UNUSED,,3,,,,,,,,,
N8,,IOBM,IO_L43P_GCLK23_M3RASN_3,UNUSED,,3,,,,,,,,,
N9,,IOBS,IO_L51N_M3A4_3,UNUSED,,3,,,,,,,,,
N10,,,VCCAUX,,,,,,,,2.5,,,,
N11,,,GND,,,,,,,,,,,,
N12,,,VCCINT,,,,,,,,1.2,,,,
N13,,,GND,,,,,,,,,,,,
N14,,,VCCINT,,,,,,,,1.2,,,,
N15,,,GND,,,,,,,,,,,,
N16,,,VCCINT,,,,,,,,1.2,,,,
N17,,IOBM,IO_L38P_A5_M1CLK_1,UNUSED,,1,,,,,,,,,
N18,,IOBS,IO_L38N_A4_M1CLKN_1,UNUSED,,1,,,,,,,,,
N19,,IOBS,IO_L36N_A8_M1BA1_1,UNUSED,,1,,,,,,,,,
N20,,IOBM,IO_L40P_GCLK11_M1A5_1,UNUSED,,1,,,,,,,,,
N21,,IOBS,IO_L30N_A20_M1A11_1,UNUSED,,1,,,,,,,,,
N22,,IOBM,IO_L37P_A7_M1A0_1,UNUSED,,1,,,,,,,,,
N23,,IOBS,IO_L37N_A6_M1A1_1,UNUSED,,1,,,,,,,,,
N24,oREADY,IOB,IO_L31N_A18_M1A12_1,OUTPUT,LVCMOS25*,1,12,SLOW,,,,LOCATED,NO,NONE,
N25,,IOBM,IO_L25P_1,UNUSED,,1,,,,,,,,,
N26,,IOBS,IO_L25N_1,UNUSED,,1,,,,,,,,,
P1,,IOBS,IO_L48N_M3BA1_3,UNUSED,,3,,,,,,,,,
P2,,,GND,,,,,,,,,,,,
P3,,IOBM,IO_L48P_M3BA0_3,UNUSED,,3,,,,,,,,,
P4,,,VCCO_3,,,3,,,,,any******,,,,
P5,,IOBM,IO_L50P_M3WE_3,UNUSED,,3,,,,,,,,,
P6,,IOBS,IO_L45N_M3ODT_3,UNUSED,,3,,,,,,,,,
P7,,IOBM,IO_L45P_M3A3_3,UNUSED,,3,,,,,,,,,
P8,,IOBS,IO_L43N_GCLK22_IRDY2_M3CASN_3,UNUSED,,3,,,,,,,,,
P9,,,VCCO_3,,,3,,,,,any******,,,,
P10,,IOBM,IO_L49P_M3A7_3,UNUSED,,3,,,,,,,,,
P11,,,VCCINT,,,,,,,,1.2,,,,
P12,,,GND,,,,,,,,,,,,
P13,,,VCCINT,,,,,,,,1.2,,,,
P14,,,GND,,,,,,,,,,,,
P15,,,VCCINT,,,,,,,,1.2,,,,
P16,,,GND,,,,,,,,,,,,
P17,,,NC,,,,,,,,,,,,
P18,,,NC,,,,,,,,,,,,
P19,,,GND,,,,,,,,,,,,
P20,,IOBM,IO_L30P_A21_M1RESET_1,UNUSED,,1,,,,,,,,,
P21,,IOBM,IO_L41P_GCLK9_IRDY1_M1RASN_1,UNUSED,,1,,,,,,,,,
P22,,IOBS,IO_L41N_GCLK8_M1CASN_1,UNUSED,,1,,,,,,,,,
P23,,,VCCO_1,,,1,,,,,2.50,,,,
P24,,IOBM,IO_L33P_A15_M1A10_1,UNUSED,,1,,,,,,,,,
P25,,,GND,,,,,,,,,,,,
P26,,IOBS,IO_L33N_A14_M1A4_1,UNUSED,,1,,,,,,,,,
R1,,IOBS,IO_L44N_GCLK20_M3A6_3,UNUSED,,3,,,,,,,,,
R2,,IOBM,IO_L44P_GCLK21_M3A5_3,UNUSED,,3,,,,,,,,,
R3,,IOBS,IO_L46N_M3CLKN_3,UNUSED,,3,,,,,,,,,
R4,,IOBM,IO_L46P_M3CLK_3,UNUSED,,3,,,,,,,,,
R5,,IOBM,IO_L30P_3,UNUSED,,3,,,,,,,,,
R6,,IOBS,IO_L31N_VREF_3,UNUSED,,3,,,,,,,,,
R7,,IOBM,IO_L31P_3,UNUSED,,3,,,,,,,,,
R8,,,GND,,,,,,,,,,,,
R9,,IOBS,IO_L49N_M3A2_3,UNUSED,,3,,,,,,,,,
R10,,,NC,,,,,,,,,,,,
R11,,,GND,,,,,,,,,,,,
R12,,,VCCINT,,,,,,,,1.2,,,,
R13,,,GND,,,,,,,,,,,,
R14,,,VCCINT,,,,,,,,1.2,,,,
R15,,,GND,,,,,,,,,,,,
R16,,,VCCINT,,,,,,,,1.2,,,,
R17,,,NC,,,,,,,,,,,,
R18,,,NC,,,,,,,,,,,,
R19,,IOBS,IO_L57N_1,UNUSED,,1,,,,,,,,,
R20,,IOBM,IO_L57P_1,UNUSED,,1,,,,,,,,,
R21,,,NC,,,,,,,,,,,,
R22,,,NC,,,,,,,,,,,,
R23,,IOBM,IO_L39P_M1A3_1,UNUSED,,1,,,,,,,,,
R24,,IOBS,IO_L39N_M1ODT_1,UNUSED,,1,,,,,,,,,
R25,,IOBM,IO_L35P_A11_M1A7_1,UNUSED,,1,,,,,,,,,
R26,,IOBS,IO_L35N_A10_M1A2_1,UNUSED,,1,,,,,,,,,
T1,,IOBS,IO_L41N_GCLK26_M3DQ5_3,UNUSED,,3,,,,,,,,,
T2,,,VCCO_3,,,3,,,,,any******,,,,
T3,,IOBM,IO_L41P_GCLK27_M3DQ4_3,UNUSED,,3,,,,,,,,,
T4,,IOBS,IO_L30N_3,UNUSED,,3,,,,,,,,,
T5,,,GND,,,,,,,,,,,,
T6,,IOBS,IO_L29N_3,UNUSED,,3,,,,,,,,,
T7,,,VCCO_3,,,3,,,,,any******,,,,
T8,,IOBM,IO_L29P_3,UNUSED,,3,,,,,,,,,
T9,,,NC,,,,,,,,,,,,
T10,,,NC,,,,,,,,,,,,
T11,,,VCCINT,,,,,,,,1.2,,,,
T12,,,GND,,,,,,,,,,,,
T13,,,VCCINT,,,,,,,,1.2,,,,
T14,,,GND,,,,,,,,,,,,
T15,,,VCCINT,,,,,,,,1.2,,,,
T16,,,GND,,,,,,,,,,,,
T17,,,VCCINT,,,,,,,,1.2,,,,
T18,oDATA<3>,IOB,IO_L60P_1,OUTPUT,LVCMOS25*,1,12,SLOW,,,,LOCATED,NO,NONE,
T19,,IOBS,IO_L60N_1,UNUSED,,1,,,,,,,,,
T20,,IOBM,IO_L64P_1,UNUSED,,1,,,,,,,,,
T21,,,GND,,,,,,,,,,,,
T22,,IOBM,IO_L59P_1,UNUSED,,1,,,,,,,,,
T23,,IOBM,IO_L53P_1,UNUSED,,1,,,,,,,,,
T24,,IOBM,IO_L46P_FCS_B_M1DQ2_1,UNUSED,,1,,,,,,,,,
T25,,,VCCO_1,,,1,,,,,2.50,,,,
T26,,IOBS,IO_L46N_FOE_B_M1DQ3_1,UNUSED,,1,,,,,,,,,
U1,,IOBS,IO_L40N_M3DQ7_3,UNUSED,,3,,,,,,,,,
U2,,IOBM,IO_L40P_M3DQ6_3,UNUSED,,3,,,,,,,,,
U3,,IOBS,IO_L28N_3,UNUSED,,3,,,,,,,,,
U4,,IOBM,IO_L28P_3,UNUSED,,3,,,,,,,,,
U5,,IOBM,IO_L24P_3,UNUSED,,3,,,,,,,,,
U6,,,VCCAUX,,,,,,,,2.5,,,,
U7,,IOBS,IO_L23N_3,UNUSED,,3,,,,,,,,,
U8,,IOBM,IO_L23P_3,UNUSED,,3,,,,,,,,,
U9,,,NC,,,,,,,,,,,,
U10,,,VCCINT,,,,,,,,1.2,,,,
U11,,,GND,,,,,,,,,,,,
U12,,IOBS,IO_L50N_2,UNUSED,,2,,,,,,,,,
U13,,IOBM,IO_L50P_2,UNUSED,,2,,,,,,,,,
U14,,,VCCAUX,,,,,,,,2.5,,,,
U15,,IOBM,IO_L42P_2,UNUSED,,2,,,,,,,,,
U16,,,VCCINT,,,,,,,,1.2,,,,
U17,,IOBM,IO_L62P_1,UNUSED,,1,,,,,,,,,
U18,,,VCCO_1,,,1,,,,,2.50,,,,
U19,iDATA<7>,IOB,IO_L70P_1,INPUT,LVCMOS25*,1,,,,NONE,,LOCATED,NO,NONE,
U20,iDATA<4>,IOB,IO_L64N_1,INPUT,LVCMOS25*,1,,,,NONE,,LOCATED,NO,NONE,
U21,,IOBM,IO_L61P_1,UNUSED,,1,,,,,,,,,
U22,,IOBS,IO_L61N_1,UNUSED,,1,,,,,,,,,
U23,iDATA<5>,IOB,IO_L59N_1,INPUT,LVCMOS25*,1,,,,NONE,,LOCATED,NO,NONE,
U24,iDATA<6>,IOB,IO_L53N_VREF_1,INPUT,LVCMOS25*,1,,,,NONE,,LOCATED,NO,NONE,
U25,,IOBM,IO_L43P_GCLK5_M1DQ4_1,UNUSED,,1,,,,,,,,,
U26,,IOBS,IO_L43N_GCLK4_M1DQ5_1,UNUSED,,1,,,,,,,,,
V1,,IOBS,IO_L39N_M3LDQSN_3,UNUSED,,3,,,,,,,,,
V2,,,GND,,,,,,,,,,,,
V3,,IOBM,IO_L39P_M3LDQS_3,UNUSED,,3,,,,,,,,,
V4,,IOBM,IO_L42P_GCLK25_TRDY2_M3UDM_3,UNUSED,,3,,,,,,,,,
V5,,IOBS,IO_L24N_3,UNUSED,,3,,,,,,,,,
V6,,,NC,,,,,,,,,,,,
V7,,,NC,,,,,,,,,,,,
V8,,,NC,,,,,,,,,,,,
V9,,,VCCAUX,,,,,,,,2.5,,,,
V10,,,NC,,,,,,,,,,,,
V11,,IOBM,IO_L52P_2,UNUSED,,2,,,,,,,,,
V12,,IOBM,IO_L46P_2,UNUSED,,2,,,,,,,,,
V13,,IOBM,IO_L44P_2,UNUSED,,2,,,,,,,,,
V14,,IOBS,IO_L42N_2,UNUSED,,2,,,,,,,,,
V15,,IOBM,IO_L18P_2,UNUSED,,2,,,,,,,,,
V16,,IOBM,IO_L8P_2,UNUSED,,2,,,,,,,,,
V17,,IOBS,IO_L62N_1,UNUSED,,1,,,,,,,,,
V18,oDATA<1>,IOB,IO_L66P_1,OUTPUT,LVCMOS25*,1,12,SLOW,,,,LOCATED,NO,NONE,
V19,,IOBS,IO_L66N_1,UNUSED,,1,,,,,,,,,
V20,,IOBS,IO_L70N_1,UNUSED,,1,,,,,,,,,
V21,,,VCCO_1,,,1,,,,,2.50,,,,
V22,,IOBM,IO_L71P_1,UNUSED,,1,,,,,,,,,
V23,,IOBM,IO_L42P_GCLK7_M1UDM_1,UNUSED,,1,,,,,,,,,
V24,iDATA<3>,IOB,IO_L45P_A1_M1LDQS_1,INPUT,LVCMOS25*,1,,,,NONE,,LOCATED,NO,NONE,
V25,,,GND,,,,,,,,,,,,
V26,,IOBS,IO_L45N_A0_M1LDQSN_1,UNUSED,,1,,,,,,,,,
W1,,IOBS,IO_L38N_M3DQ3_3,UNUSED,,3,,,,,,,,,
W2,,IOBM,IO_L38P_M3DQ2_3,UNUSED,,3,,,,,,,,,
W3,,IOBS,IO_L42N_GCLK24_M3LDM_3,UNUSED,,3,,,,,,,,,
W4,,,VCCO_3,,,3,,,,,any******,,,,
W5,,IOBM,IO_L22P_3,UNUSED,,3,,,,,,,,,
W6,,,VCCO_3,,,3,,,,,any******,,,,
W7,,IOBS,IO_L15N_3,UNUSED,,3,,,,,,,,,
W8,,IOBM,IO_L15P_3,UNUSED,,3,,,,,,,,,
W9,,,NC,,,,,,,,,,,,
W10,,,NC,,,,,,,,,,,,
W11,,IOBS,IO_L52N_2,UNUSED,,2,,,,,,,,,
W12,,IOBS,IO_L46N_2,UNUSED,,2,,,,,,,,,
W13,,,NC,,,,,,,,,,,,
W14,,IOBS,IO_L44N_2,UNUSED,,2,,,,,,,,,
W15,,,GND,,,,,,,,,,,,
W16,,IOBS,IO_L18N_2,UNUSED,,2,,,,,,,,,
W17,,IOBS,IO_L8N_2,UNUSED,,2,,,,,,,,,
W18,oDATA<0>,IOB,IO_L68P_1,OUTPUT,LVCMOS25*,1,12,SLOW,,,,LOCATED,NO,NONE,
W19,iDATA<0>,IOB,IO_L68N_1,INPUT,LVCMOS25*,1,,,,NONE,,LOCATED,NO,NONE,
W20,,,GND,,,,,,,,,,,,
W21,,,NC,,,,,,,,,,,,
W22,,IOBS,IO_L71N_1,UNUSED,,1,,,,,,,,,
W23,,,VCCO_1,,,1,,,,,2.50,,,,
W24,,IOBS,IO_L42N_GCLK6_TRDY1_M1LDM_1,UNUSED,,1,,,,,,,,,
W25,,IOBM,IO_L44P_A3_M1DQ6_1,UNUSED,,1,,,,,,,,,
W26,,IOBS,IO_L44N_A2_M1DQ7_1,UNUSED,,1,,,,,,,,,
Y1,,IOBS,IO_L37N_M3DQ1_3,UNUSED,,3,,,,,,,,,
Y2,,,VCCO_3,,,3,,,,,any******,,,,
Y3,,IOBM,IO_L37P_M3DQ0_3,UNUSED,,3,,,,,,,,,
Y4,,,GND,,,,,,,,,,,,
Y5,,IOBS,IO_L22N_3,UNUSED,,3,,,,,,,,,
Y6,,IOBS,IO_L7N_3,UNUSED,,3,,,,,,,,,
Y7,,,GND,,,,,,,,,,,,
Y8,,,NC,,,,,,,,,,,,
Y9,,,NC,,,,,,,,,,,,
Y10,,IOBM,IO_L51P_2,UNUSED,,2,,,,,,,,,
Y11,,,GND,,,,,,,,,,,,
Y12,,,VCCO_2,,,2,,,,,any******,,,,
Y13,,,NC,,,,,,,,,,,,
Y14,,IOBM,IO_L28P_2,UNUSED,,2,,,,,,,,,
Y15,,IOBM,IO_L20P_2,UNUSED,,2,,,,,,,,,
Y16,,IOBM,IO_L10P_2,UNUSED,,2,,,,,,,,,
Y17,,,VCCO_2,,,2,,,,,any******,,,,
Y18,,IOBM,IO_L6P_2,UNUSED,,2,,,,,,,,,
Y19,,,VCCAUX,,,,,,,,2.5,,,,
Y20,,IOBM,IO_L72P_1,UNUSED,,1,,,,,,,,,
Y21,,IOBS,IO_L72N_1,UNUSED,,1,,,,,,,,,
Y22,,IOBM,IO_L73P_1,UNUSED,,1,,,,,,,,,
Y23,,,GND,,,,,,,,,,,,
Y24,iDATA<1>,IOB,IO_L47P_FWE_B_M1DQ0_1,INPUT,LVCMOS25*,1,,,,NONE,,LOCATED,NO,NONE,
Y25,,,VCCO_1,,,1,,,,,2.50,,,,
Y26,,IOBS,IO_L47N_LDC_M1DQ1_1,UNUSED,,1,,,,,,,,,

# -----,-----,-----,-----,-----,-----,-----,-----,-----,-----,-----,-----,-----,-----,-----,
# 
#* Default value.
#** This default Pullup/Pulldown value can be overridden in Bitgen. 
#****** Special VCCO requirements may apply. Please consult the device 
#       family datasheet for specific guideline on VCCO requirements. 
#
#
#